{"cameraMode":{"drawMode":0,"name":"Shaded","section":"Shading Mode"},"sceneLighting":true,"audioPlay":false,"sceneViewState":{"showFog":true,"showMaterialUpdate":true,"showSkybox":true,"showFlares":true,"showImageEffects":true,"showParticleSystems":true},"in2DMode":false,"pivot":{"x":-44.071571350097659,"y":-63.72747039794922,"z":84.92304992675781},"rotation":{"x":-0.23153449594974519,"y":0.31691646575927737,"z":-0.08008211106061936,"w":-0.9162656664848328},"size":1181.5552978515625,"orthographic":false}