{"cameraMode":{"drawMode":0,"name":"Shaded","section":"Shading Mode"},"sceneLighting":false,"audioPlay":false,"sceneViewState":{"showFog":true,"showMaterialUpdate":true,"showSkybox":false,"showFlares":true,"showImageEffects":true,"showParticleSystems":true},"in2DMode":false,"pivot":{"x":-4.642386436462402,"y":-3.7450995445251467,"z":7.586169719696045},"rotation":{"x":-0.17826789617538453,"y":0.09136377274990082,"z":-0.016625961288809778,"w":-0.979590117931366},"size":20.13973617553711,"orthographic":false}