{"cameraMode":{"drawMode":0,"name":"Shaded","section":"Shading Mode"},"sceneLighting":false,"audioPlay":false,"sceneViewState":{"showFog":true,"showMaterialUpdate":true,"showSkybox":false,"showFlares":true,"showImageEffects":true,"showParticleSystems":true},"in2DMode":false,"pivot":{"x":-0.25244829058647158,"y":-4.140109062194824,"z":5.82127571105957},"rotation":{"x":-0.17826789617538453,"y":0.09136377274990082,"z":-0.016625961288809778,"w":-0.979590117931366},"size":18.69529914855957,"orthographic":false}