{"cameraMode":{"drawMode":0,"name":"Shaded","section":"Shading Mode"},"sceneLighting":true,"audioPlay":false,"sceneViewState":{"showFog":true,"showMaterialUpdate":true,"showSkybox":true,"showFlares":true,"showImageEffects":true,"showParticleSystems":true},"in2DMode":false,"pivot":{"x":-15.24027156829834,"y":-15.26082992553711,"z":-8.490060806274414},"rotation":{"x":-0.17826789617538453,"y":0.09136377274990082,"z":-0.016625961288809778,"w":-0.979590117931366},"size":34.2535400390625,"orthographic":false}