{"cameraMode":{"drawMode":0,"name":"Shaded","section":"Shading Mode"},"sceneLighting":false,"audioPlay":false,"sceneViewState":{"showFog":true,"showMaterialUpdate":true,"showSkybox":false,"showFlares":true,"showImageEffects":true,"showParticleSystems":true},"in2DMode":false,"pivot":{"x":0.0,"y":-10.440000534057618,"z":-0.0009374618530273438},"rotation":{"x":-0.17826789617538453,"y":0.09136377274990082,"z":-0.016625961288809778,"w":-0.979590117931366},"size":6.022004127502441,"orthographic":false}